normalized_path,environment,url
/,next,https://www.fxstreet.es/
/account/login,sitefinity,https://www.fxstreet.es/account/login
/analysis,sitefinity,https://www.fxstreet.es/analysis
/analysis/latest,sitefinity,https://www.fxstreet.es/analysis/latest
/bonds,sitefinity,https://www.fxstreet.es/bonds
/brokers,next,https://www.fxstreet.es/brokers
/brokers/reviews,next,https://www.fxstreet.es/brokers/reviews
/calendario-economico,next,https://www.fxstreet.es/calendario-economico
/cdn-cgi/l/email-protection,unknown,https://www.fxstreet.es/cdn-cgi/l/email-protection
/commodities,unknown,https://www.fxstreet.es/commodities
/cryptocurrencies,sitefinity,https://www.fxstreet.es/cryptocurrencies
/cryptocurrencies/news,sitefinity,https://www.fxstreet.es/cryptocurrencies/news
/cryptocurrencies/rates-charts,sitefinity,https://www.fxstreet.es/cryptocurrencies/rates-charts
/economic-calendar/country/89d5f89c-a5d5-40cc-8690-9725de83504d,unknown,https://www.fxstreet.es/economic-calendar/country/89d5f89c-a5d5-40cc-8690-9725de83504d
/economic-calendar/country/e137f7ff-5990-4e7e-89c1-9976744a6628,unknown,https://www.fxstreet.es/economic-calendar/country/e137f7ff-5990-4e7e-89c1-9976744a6628
/economic-calendar/country/f0b72088-34bb-4752-9337-c41f329c7798,unknown,https://www.fxstreet.es/economic-calendar/country/f0b72088-34bb-4752-9337-c41f329c7798
/economic-calendar/fed-sentiment-index,unknown,https://www.fxstreet.es/economic-calendar/fed-sentiment-index
/economic-calendar/forex-market-hours,sitefinity,https://www.fxstreet.es/economic-calendar/forex-market-hours
/economic-calendar/world-interest-rates,sitefinity,https://www.fxstreet.es/economic-calendar/world-interest-rates
/educacion,unknown,https://www.fxstreet.es/educacion
/education,sitefinity,https://www.fxstreet.es/education
/education/curso-forex,sitefinity,https://www.fxstreet.es/education/curso-forex
/education/latest,sitefinity,https://www.fxstreet.es/education/latest
/equities,unknown,https://www.fxstreet.es/equities
/https:/rates-charts/rates/historical,unknown,https://www.fxstreet.es/https:/rates-charts/rates/historical
/https:/technical-analysis/support-resistance,unknown,https://www.fxstreet.es/https:/technical-analysis/support-resistance
/info/about-us,sitefinity,https://www.fxstreet.es/info/about-us
/info/advertising-and-sponsorship,unknown,https://www.fxstreet.es/info/advertising-and-sponsorship
/info/advertising-model,unknown,https://www.fxstreet.es/info/advertising-model
/info/contact-us,sitefinity,https://www.fxstreet.es/info/contact-us
/info/cookie-policy,unknown,https://www.fxstreet.es/info/cookie-policy
/info/corporate-identity,sitefinity,https://www.fxstreet.es/info/corporate-identity
/info/editorial-guidelines,sitefinity,https://www.fxstreet.es/info/editorial-guidelines
/info/ethical-code,sitefinity,https://www.fxstreet.es/info/ethical-code
/info/how-fxstreet-uses-ai,unknown,https://www.fxstreet.es/info/how-fxstreet-uses-ai
/info/how-we-score-reviews,unknown,https://www.fxstreet.es/info/how-we-score-reviews
/info/jobs,unknown,https://www.fxstreet.es/info/jobs
/info/premium,unknown,https://www.fxstreet.es/info/premium
/info/prevention,sitefinity,https://www.fxstreet.es/info/prevention
/info/privacy-policy,unknown,https://www.fxstreet.es/info/privacy-policy
/info/terms-conditions,sitefinity,https://www.fxstreet.es/info/terms-conditions
/live-video,sitefinity,https://www.fxstreet.es/live-video
/markets/commodities,sitefinity,https://www.fxstreet.es/markets/commodities
/markets/equities,sitefinity,https://www.fxstreet.es/markets/equities
/mexico,sitefinity,https://www.fxstreet.es/mexico
/news,sitefinity,https://www.fxstreet.es/news
/press-releases,sitefinity,https://www.fxstreet.es/press-releases
/rates-charts,sitefinity,https://www.fxstreet.es/rates-charts
/rates-charts/chart,sitefinity,https://www.fxstreet.es/rates-charts/chart
/rates-charts/chart-interactive,sitefinity,https://www.fxstreet.es/rates-charts/chart-interactive
/rates-charts/chart/station,sitefinity,https://www.fxstreet.es/rates-charts/chart/station
/rates-charts/forecast,sitefinity,https://www.fxstreet.es/rates-charts/forecast
/rates-charts/indicators,sitefinity,https://www.fxstreet.es/rates-charts/indicators
/rates-charts/indicators/technical-levels,sitefinity,https://www.fxstreet.es/rates-charts/indicators/technical-levels
/rates-charts/indicators/technical-levels,sitefinity,https://www.fxstreet.es/rates-charts/indicators/technical-levels
/rates-charts/rates,sitefinity,https://www.fxstreet.es/rates-charts/rates
/rates-charts/rates/crosses/gbp,sitefinity,https://www.fxstreet.es/rates-charts/rates/crosses/gbp
/rates-charts/rates/indices,unknown,https://www.fxstreet.es/rates-charts/rates/indices
/rss,unknown,https://www.fxstreet.es/rss
/sitemap-all.xml,unknown,https://www.fxstreet.es/sitemap-all.xml
/subscriptions,sitefinity,https://www.fxstreet.es/subscriptions
/technical-analysis/elliott-wave,sitefinity,https://www.fxstreet.es/technical-analysis/elliott-wave
/technical-analysis/sentiment/risk-appetite,sitefinity,https://www.fxstreet.es/technical-analysis/sentiment/risk-appetite
/technical-analysis/support-resistance,sitefinity,https://www.fxstreet.es/technical-analysis/support-resistance
/technical-analysis/support-resistance/fibonacci,sitefinity,https://www.fxstreet.es/technical-analysis/support-resistance/fibonacci
/technical-analysis/support-resistance/pivot-points,sitefinity,https://www.fxstreet.es/technical-analysis/support-resistance/pivot-points
/transparency-translations,sitefinity,https://www.fxstreet.es/transparency-translations
