path_key,match_type,path_legacy,path_processed,http_legacy,http_processed,env_legacy,env_processed,found_on_legacy,found_on_processed,url_legacy,url_processed,notes
/,same-path,/,/,200,200,next,next,,,https://www.fxstreet.es/,https://qa-es-site-oriol.fxstreet.com/,
/account/login,processed-only,,/account/login,,200,,next,,/info/premium,,https://qa-es-site-oriol.fxstreet.com/account/login,"accessible on processed, not in legacy crawl"
/analysis,same-path,/analysis,/analysis,200,200,sitefinity,next,/,/,https://www.fxstreet.es/analysis,https://qa-es-site-oriol.fxstreet.com/analysis,
/analysis/latest,same-path,/analysis/latest,/analysis/latest,200,200,sitefinity,next,/,/,https://www.fxstreet.es/analysis/latest,https://qa-es-site-oriol.fxstreet.com/analysis/latest,
/bonds,legacy-only,/bonds,/bonds,200,404,sitefinity,,/analysis,/commodities,https://www.fxstreet.es/bonds,https://qa-es-site-oriol.fxstreet.com/bonds,"processed linked but HTTP 404 from /commodities; accessible on legacy, not in processed crawl"
/brokers/best/%7B%7Blink:brokerReviews%7D%7D,neither-accessible,,,,,,,,,,,
/brokers/best/brokers,legacy-only,/brokers,,200,,next,,/,,https://www.fxstreet.es/brokers,,"accessible on legacy, not in processed crawl"
/brokers/reviews,same-path,/brokers/reviews,/brokers/reviews,200,200,next,next,/,/,https://www.fxstreet.es/brokers/reviews,https://qa-es-site-oriol.fxstreet.com/brokers/reviews,
/calendario-economico,same-path,/calendario-economico,/calendario-economico,200,200,next,next,/,/,https://www.fxstreet.es/calendario-economico,https://qa-es-site-oriol.fxstreet.com/calendario-economico,
/calendario-economico/australia,processed-only,,/calendario-economico/australia,,200,,next,,/calendario-economico,,https://qa-es-site-oriol.fxstreet.com/calendario-economico/australia,"accessible on processed, not in legacy crawl"
/calendario-economico/canada,processed-only,,/calendario-economico/canada,,200,,next,,/calendario-economico,,https://qa-es-site-oriol.fxstreet.com/calendario-economico/canada,"accessible on processed, not in legacy crawl"
/calendario-economico/country/89d5f89c-a5d5-40cc-8690-9725de83504d,neither-accessible,/economic-calendar/country/89d5f89c-a5d5-40cc-8690-9725de83504d,,404,,,,/markets/commodities,,https://www.fxstreet.es/economic-calendar/country/89d5f89c-a5d5-40cc-8690-9725de83504d,,legacy linked but HTTP 404 from /markets/commodities
/calendario-economico/country/e137f7ff-5990-4e7e-89c1-9976744a6628,neither-accessible,/economic-calendar/country/e137f7ff-5990-4e7e-89c1-9976744a6628,,404,,,,/markets/commodities,,https://www.fxstreet.es/economic-calendar/country/e137f7ff-5990-4e7e-89c1-9976744a6628,,legacy linked but HTTP 404 from /markets/commodities
/calendario-economico/country/f0b72088-34bb-4752-9337-c41f329c7798,neither-accessible,/economic-calendar/country/f0b72088-34bb-4752-9337-c41f329c7798,,404,,,,/markets/commodities,,https://www.fxstreet.es/economic-calendar/country/f0b72088-34bb-4752-9337-c41f329c7798,,legacy linked but HTTP 404 from /markets/commodities
/calendario-economico/fed-sentiment-index,processed-only,/economic-calendar/fed-sentiment-index,/calendario-economico/fed-sentiment-index,404,200,,next,/,/,https://www.fxstreet.es/economic-calendar/fed-sentiment-index,https://qa-es-site-oriol.fxstreet.com/calendario-economico/fed-sentiment-index,"legacy linked but HTTP 404 from /; accessible on processed, not in legacy crawl"
/calendario-economico/forex-market-hours,calendar-alias,/economic-calendar/forex-market-hours,/calendario-economico/forex-market-hours,200,200,sitefinity,next,/,/,https://www.fxstreet.es/economic-calendar/forex-market-hours,https://qa-es-site-oriol.fxstreet.com/calendario-economico/forex-market-hours,
/calendario-economico/united-kingdom,processed-only,,/calendario-economico/united-kingdom,,200,,next,,/calendario-economico,,https://qa-es-site-oriol.fxstreet.com/calendario-economico/united-kingdom,"accessible on processed, not in legacy crawl"
/calendario-economico/united-states,processed-only,,/calendario-economico/united-states,,200,,next,,/calendario-economico,,https://qa-es-site-oriol.fxstreet.com/calendario-economico/united-states,"accessible on processed, not in legacy crawl"
/calendario-economico/world-interest-rates,calendar-alias,/economic-calendar/world-interest-rates,/calendario-economico/world-interest-rates,200,200,sitefinity,next,/,/,https://www.fxstreet.es/economic-calendar/world-interest-rates,https://qa-es-site-oriol.fxstreet.com/calendario-economico/world-interest-rates,
/cdn-cgi/l/email-protection,neither-accessible,/cdn-cgi/l/email-protection,/cdn-cgi/l/email-protection,404,404,,,/info/prevention,/info/advertising-model,https://www.fxstreet.es/cdn-cgi/l/email-protection,https://qa-es-site-oriol.fxstreet.com/cdn-cgi/l/email-protection,legacy linked but HTTP 404 from /info/prevention; processed linked but HTTP 404 from /info/advertising-model
/commodities,processed-only,/commodities,/commodities,404,200,,next,/,/,https://www.fxstreet.es/commodities,https://qa-es-site-oriol.fxstreet.com/commodities,"legacy linked but HTTP 404 from /; accessible on processed, not in legacy crawl"
/cryptocurrencies,same-path,/cryptocurrencies,/cryptocurrencies,200,200,sitefinity,next,/,/,https://www.fxstreet.es/cryptocurrencies,https://qa-es-site-oriol.fxstreet.com/cryptocurrencies,
/cryptocurrencies/news,same-path,/cryptocurrencies/news,/cryptocurrencies/news,200,200,sitefinity,next,/,/,https://www.fxstreet.es/cryptocurrencies/news,https://qa-es-site-oriol.fxstreet.com/cryptocurrencies/news,
/cryptocurrencies/rates-charts,legacy-only,/cryptocurrencies/rates-charts,,200,,sitefinity,,/analysis,,https://www.fxstreet.es/cryptocurrencies/rates-charts,,"accessible on legacy, not in processed crawl"
/education,same-path,/education,/education,200,200,sitefinity,next,/,/,https://www.fxstreet.es/education,https://qa-es-site-oriol.fxstreet.com/education,
/education/curso-forex,legacy-only,/education/curso-forex,,200,,sitefinity,,/,,https://www.fxstreet.es/education/curso-forex,,"accessible on legacy, not in processed crawl"
/education/latest,legacy-only,/education/latest,,200,,sitefinity,,/,,https://www.fxstreet.es/education/latest,,"accessible on legacy, not in processed crawl"
/equities,processed-only,/equities,/equities,404,200,,next,/,/,https://www.fxstreet.es/equities,https://qa-es-site-oriol.fxstreet.com/equities,"legacy linked but HTTP 404 from /; accessible on processed, not in legacy crawl"
/https:/rates-charts/rates/historical,neither-accessible,/https:/rates-charts/rates/historical,,400,,,,/technical-analysis/support-resistance/pivot-points,,https://www.fxstreet.es/https:/rates-charts/rates/historical,,legacy linked but HTTP 400 from /technical-analysis/support-resistance/pivot-points
/https:/technical-analysis/support-resistance,neither-accessible,/https:/technical-analysis/support-resistance,,400,,,,/technical-analysis/support-resistance/pivot-points,,https://www.fxstreet.es/https:/technical-analysis/support-resistance,,legacy linked but HTTP 400 from /technical-analysis/support-resistance/pivot-points
/info/about-us,same-path,/info/about-us,/info/about-us,200,200,sitefinity,next,/,/,https://www.fxstreet.es/info/about-us,https://qa-es-site-oriol.fxstreet.com/info/about-us,
/info/advertising-and-sponsorship,neither-accessible,/info/advertising-and-sponsorship,,200,,,,/,,https://www.fxstreet.es/info/advertising-and-sponsorship,,legacy linked but HTTP 200 from /
/info/advertising-model,processed-only,/info/advertising-model,/info/advertising-model,404,200,,next,/,/,https://www.fxstreet.es/info/advertising-model,https://qa-es-site-oriol.fxstreet.com/info/advertising-model,"legacy linked but HTTP 404 from /; accessible on processed, not in legacy crawl"
/info/contact-us,same-path,/info/contact-us,/info/contact-us,200,200,sitefinity,next,/,/,https://www.fxstreet.es/info/contact-us,https://qa-es-site-oriol.fxstreet.com/info/contact-us,
/info/cookie-policy,processed-only,/info/cookie-policy,/info/cookie-policy,404,200,,next,/,/,https://www.fxstreet.es/info/cookie-policy,https://qa-es-site-oriol.fxstreet.com/info/cookie-policy,"legacy linked but HTTP 404 from /; accessible on processed, not in legacy crawl"
/info/corporate-identity,same-path,/info/corporate-identity,/info/corporate-identity,200,200,sitefinity,next,/,/,https://www.fxstreet.es/info/corporate-identity,https://qa-es-site-oriol.fxstreet.com/info/corporate-identity,
/info/editorial-guidelines,same-path,/info/editorial-guidelines,/info/editorial-guidelines,200,200,sitefinity,next,/,/,https://www.fxstreet.es/info/editorial-guidelines,https://qa-es-site-oriol.fxstreet.com/info/editorial-guidelines,
/info/ethical-code,same-path,/info/ethical-code,/info/ethical-code,200,200,sitefinity,next,/,/,https://www.fxstreet.es/info/ethical-code,https://qa-es-site-oriol.fxstreet.com/info/ethical-code,
/info/how-fxstreet-uses-ai,processed-only,/info/how-fxstreet-uses-ai,/info/how-fxstreet-uses-ai,404,200,,next,/,/,https://www.fxstreet.es/info/how-fxstreet-uses-ai,https://qa-es-site-oriol.fxstreet.com/info/how-fxstreet-uses-ai,"legacy linked but HTTP 404 from /; accessible on processed, not in legacy crawl"
/info/how-we-score-reviews,processed-only,/info/how-we-score-reviews,/info/how-we-score-reviews,404,200,,next,/,/,https://www.fxstreet.es/info/how-we-score-reviews,https://qa-es-site-oriol.fxstreet.com/info/how-we-score-reviews,"legacy linked but HTTP 404 from /; accessible on processed, not in legacy crawl"
/info/jobs,neither-accessible,/info/jobs,/info/jobs,404,404,,,/analysis,/info/about-us,https://www.fxstreet.es/info/jobs,https://qa-es-site-oriol.fxstreet.com/info/jobs,legacy linked but HTTP 404 from /analysis; processed linked but HTTP 404 from /info/about-us
/info/premium,processed-only,,/info/premium,,200,,next,,/info/premium-terms-and-conditions,,https://qa-es-site-oriol.fxstreet.com/info/premium,"accessible on processed, not in legacy crawl"
/info/premium-terms-and-conditions,processed-only,,/info/premium-terms-and-conditions,,200,,next,,/info/terms-conditions,,https://qa-es-site-oriol.fxstreet.com/info/premium-terms-and-conditions,"accessible on processed, not in legacy crawl"
/info/prevention,same-path,/info/prevention,/info/prevention,200,200,sitefinity,next,/,/,https://www.fxstreet.es/info/prevention,https://qa-es-site-oriol.fxstreet.com/info/prevention,
/info/privacy-policy,processed-only,/info/privacy-policy,/info/privacy-policy,404,200,,next,/,/,https://www.fxstreet.es/info/privacy-policy,https://qa-es-site-oriol.fxstreet.com/info/privacy-policy,"legacy linked but HTTP 404 from /; accessible on processed, not in legacy crawl"
/info/terms-conditions,same-path,/info/terms-conditions,/info/terms-conditions,200,200,sitefinity,next,/,/,https://www.fxstreet.es/info/terms-conditions,https://qa-es-site-oriol.fxstreet.com/info/terms-conditions,
/live-video,legacy-only,/live-video,,200,,sitefinity,,/analysis,,https://www.fxstreet.es/live-video,,"accessible on legacy, not in processed crawl"
/markets/commodities,legacy-only,/markets/commodities,,200,,sitefinity,,/analysis,,https://www.fxstreet.es/markets/commodities,,"accessible on legacy, not in processed crawl"
/markets/equities,legacy-only,/markets/equities,,200,,sitefinity,,/analysis,,https://www.fxstreet.es/markets/equities,,"accessible on legacy, not in processed crawl"
/mexico,legacy-only,/mexico,,200,,sitefinity,,/,,https://www.fxstreet.es/mexico,,"accessible on legacy, not in processed crawl"
/news,same-path,/news,/news,200,200,sitefinity,next,/,/,https://www.fxstreet.es/news,https://qa-es-site-oriol.fxstreet.com/news,
/press-releases,legacy-only,/press-releases,,200,,sitefinity,,/,,https://www.fxstreet.es/press-releases,,"accessible on legacy, not in processed crawl"
/rates-charts,same-path,/rates-charts,/rates-charts,200,200,sitefinity,next,/,/,https://www.fxstreet.es/rates-charts,https://qa-es-site-oriol.fxstreet.com/rates-charts,
/rates-charts/chart,same-path,/rates-charts/chart,/rates-charts/chart,200,200,sitefinity,next,/,/,https://www.fxstreet.es/rates-charts/chart,https://qa-es-site-oriol.fxstreet.com/rates-charts/chart,
/rates-charts/chart-interactive,same-path,/rates-charts/chart-interactive,/rates-charts/chart-interactive,200,200,sitefinity,next,/rates-charts,/rates-charts,https://www.fxstreet.es/rates-charts/chart-interactive,https://qa-es-site-oriol.fxstreet.com/rates-charts/chart-interactive,
/rates-charts/chart/station,legacy-only,/rates-charts/chart/station,,200,,sitefinity,,/rates-charts/chart,,https://www.fxstreet.es/rates-charts/chart/station,,"accessible on legacy, not in processed crawl"
/rates-charts/forecast,same-path,/rates-charts/forecast,/rates-charts/forecast,200,200,sitefinity,next,/,/,https://www.fxstreet.es/rates-charts/forecast,https://qa-es-site-oriol.fxstreet.com/rates-charts/forecast,
/rates-charts/indicators,same-path,/rates-charts/indicators,/rates-charts/indicators,200,200,sitefinity,next,/,/,https://www.fxstreet.es/rates-charts/indicators,https://qa-es-site-oriol.fxstreet.com/rates-charts/indicators,
/rates-charts/indicators/technical-levels,legacy-only,/rates-charts/indicators/technical-levels,,200,,sitefinity,,/,,https://www.fxstreet.es/rates-charts/indicators/technical-levels,,"accessible on legacy, not in processed crawl"
/rates-charts/rates,same-path,/rates-charts/rates,/rates-charts/rates,200,200,sitefinity,next,/,/,https://www.fxstreet.es/rates-charts/rates,https://qa-es-site-oriol.fxstreet.com/rates-charts/rates,
/rates-charts/rates/crosses/gbp,legacy-only,/rates-charts/rates/crosses/gbp,,200,,sitefinity,,/bonds,,https://www.fxstreet.es/rates-charts/rates/crosses/gbp,,"accessible on legacy, not in processed crawl"
/rates-charts/rates/indices,neither-accessible,/rates-charts/rates/indices,,404,,,,/bonds,,https://www.fxstreet.es/rates-charts/rates/indices,,legacy linked but HTTP 404 from /bonds
/rss,same-path,/rss,/rss,200,200,unknown,unknown,/,/,https://www.fxstreet.es/rss,https://qa-es-site-oriol.fxstreet.com/rss,
/sitemap-all.xml,legacy-only,/sitemap-all.xml,/sitemap-all.xml,200,404,unknown,,/,/,https://www.fxstreet.es/sitemap-all.xml,https://qa-es-site-oriol.fxstreet.com/sitemap-all.xml,"processed linked but HTTP 404 from /; accessible on legacy, not in processed crawl"
/subscriptions,same-path,/subscriptions,/subscriptions,200,200,sitefinity,next,/,/,https://www.fxstreet.es/subscriptions,https://qa-es-site-oriol.fxstreet.com/subscriptions,
/technical-analysis/elliott-wave,legacy-only,/technical-analysis/elliott-wave,,200,,sitefinity,,/,,https://www.fxstreet.es/technical-analysis/elliott-wave,,"accessible on legacy, not in processed crawl"
/technical-analysis/sentiment/risk-appetite,legacy-only,/technical-analysis/sentiment/risk-appetite,,200,,sitefinity,,/markets/commodities,,https://www.fxstreet.es/technical-analysis/sentiment/risk-appetite,,"accessible on legacy, not in processed crawl"
/technical-analysis/support-resistance,legacy-only,/technical-analysis/support-resistance,,200,,sitefinity,,/,,https://www.fxstreet.es/technical-analysis/support-resistance,,"accessible on legacy, not in processed crawl"
/technical-analysis/support-resistance/fibonacci,legacy-only,/technical-analysis/support-resistance/fibonacci,,200,,sitefinity,,/rates-charts/indicators,,https://www.fxstreet.es/technical-analysis/support-resistance/fibonacci,,"accessible on legacy, not in processed crawl"
/technical-analysis/support-resistance/pivot-points,legacy-only,/technical-analysis/support-resistance/pivot-points,,200,,sitefinity,,/rates-charts/indicators,,https://www.fxstreet.es/technical-analysis/support-resistance/pivot-points,,"accessible on legacy, not in processed crawl"
/transparency-translations,same-path,/transparency-translations,/transparency-translations,200,200,sitefinity,next,/,/,https://www.fxstreet.es/transparency-translations,https://qa-es-site-oriol.fxstreet.com/transparency-translations,
